{
  "best_model": "rf",
  "saved_at": "2025-10-05T08:57:56.206547+00:00",
  "cv_top": [
    {
      "model": "rf",
      "cv_score": 0.9925795497320032,
      "accuracy": 0.9954545454545455,
      "precision": 0.9956709956709957,
      "recall": 0.9954545454545454,
      "f1_macro": 0.9954517027687758,
      "elapsed_sec": 3.001988649368286,
      "best_params": {
        "rf__n_estimators": 300,
        "rf__min_samples_split": 5,
        "rf__min_samples_leaf": 1,
        "rf__max_depth": 20
      }
    }
  ]
}